Day,Pixels,Canopy Area,% Growth,Outliers,Cut-Off
0,1023294,66,0.020301446,,
1,1023189,171,0.0525992,,
2,1023360,0,0,,
3,1023200,160,0.049215626,,
4,1022936,424,0.130421409,,
5,1020109,3251,1,,
6,1020115,3245,0.998154414,,
