File name,Minimum threshold,Area,% Growth
8,77,2414,4.739373712
11,77,2689,5.279277511
14,77,8117,15.93599686
17,79,15935,31.28497104
20,90,36330,71.32620006
23,76,50935,100
