File name,Minimum threshold,Area,% Growth
8,74,1936,1.621046814
11,66,2882,2.413149235
14,64,10088,8.44685964
17,64,28441,23.81414899
20,73,88937,74.46851267
23,56,119429,100
