File name,Minimum threshold,Area,% Growth
0,23,0,0
1,23,0,0
2,27,0,0
3,31,913,20.18125553
4,46,1966,43.4571176
5,46,3597,79.50928382
6,46,4524,100
